,country,year,happiness_score
0,Afghanistan,2005,
1,Angola,2005,
2,Albania,2005,
3,United Arab Emirates,2005,
4,Argentina,2005,
5,Armenia,2005,
6,Australia,2005,73.4
7,Austria,2005,
8,Azerbaijan,2005,
9,Burundi,2005,
10,Belgium,2005,72.6
11,Benin,2005,
12,Burkina Faso,2005,
13,Bangladesh,2005,
14,Bulgaria,2005,
15,Bahrain,2005,
16,Bosnia and Herzegovina,2005,
17,Belarus,2005,
18,Belize,2005,
19,Bolivia,2005,
20,Brazil,2005,66.4
21,Bhutan,2005,
22,Botswana,2005,
23,Central African Republic,2005,
24,Canada,2005,74.2
25,Switzerland,2005,
26,Chile,2005,
27,China,2005,
28,Cote d'Ivoire,2005,
29,Cameroon,2005,
30,"Congo, Dem. Rep.",2005,
31,"Congo, Rep.",2005,
32,Colombia,2005,
33,Comoros,2005,
34,Costa Rica,2005,
35,Cuba,2005,
36,Cyprus,2005,
37,Czech Republic,2005,64.4
38,Germany,2005,66.2
39,Djibouti,2005,
40,Denmark,2005,80.2
41,Dominican Republic,2005,
42,Algeria,2005,
43,Ecuador,2005,
44,Egypt,2005,51.7
45,Spain,2005,71.5
46,Estonia,2005,
47,Ethiopia,2005,
48,Finland,2005,
49,France,2005,70.9
50,Gabon,2005,
51,United Kingdom,2005,69.8
52,Georgia,2005,
53,Ghana,2005,
54,Guinea,2005,
55,Gambia,2005,
56,Greece,2005,60.1
57,Guatemala,2005,
58,Guyana,2005,
59,"Hong Kong, China",2005,
60,Honduras,2005,
61,Croatia,2005,
62,Haiti,2005,
63,Hungary,2005,51.9
64,Indonesia,2005,
65,India,2005,
66,Ireland,2005,
67,Iran,2005,53.1
68,Iraq,2005,
69,Iceland,2005,
70,Israel,2005,
71,Italy,2005,68.5
72,Jamaica,2005,
73,Jordan,2005,62.9
74,Japan,2005,65.2
75,Kazakhstan,2005,
76,Kenya,2005,
77,Kyrgyz Republic,2005,
78,Cambodia,2005,
79,South Korea,2005,
80,Kuwait,2005,
81,Lao,2005,
82,Lebanon,2005,54.9
83,Liberia,2005,
84,Libya,2005,
85,Sri Lanka,2005,
86,Lesotho,2005,
87,Lithuania,2005,
88,Luxembourg,2005,
89,Latvia,2005,
90,Morocco,2005,
91,Moldova,2005,
92,Madagascar,2005,
93,Maldives,2005,
94,Mexico,2005,65.8
95,North Macedonia,2005,
96,Mali,2005,
97,Malta,2005,
98,Myanmar,2005,
99,Montenegro,2005,
100,Mongolia,2005,
101,Mozambique,2005,
102,Mauritania,2005,
103,Mauritius,2005,
104,Malawi,2005,
105,Malaysia,2005,
106,Namibia,2005,
107,Niger,2005,
108,Nigeria,2005,
109,Nicaragua,2005,
110,Netherlands,2005,74.6
111,Norway,2005,
112,Nepal,2005,
113,New Zealand,2005,
114,Oman,2005,
115,Pakistan,2005,52.2
116,Panama,2005,
117,Peru,2005,
118,Philippines,2005,
119,Poland,2005,55.9
120,Portugal,2005,
121,Paraguay,2005,
122,Palestine,2005,
123,Qatar,2005,
124,Romania,2005,50.5
125,Russia,2005,
126,Rwanda,2005,
127,Saudi Arabia,2005,70.8
128,Sudan,2005,
129,Senegal,2005,
130,Singapore,2005,
131,Sierra Leone,2005,
132,El Salvador,2005,
133,Somalia,2005,
134,Serbia,2005,
135,South Sudan,2005,
136,Suriname,2005,
137,Slovak Republic,2005,
138,Slovenia,2005,
139,Sweden,2005,73.8
140,Eswatini,2005,
141,Syria,2005,
142,Chad,2005,
143,Togo,2005,
144,Thailand,2005,
145,Tajikistan,2005,
146,Turkmenistan,2005,
147,Trinidad and Tobago,2005,
148,Tunisia,2005,
149,Turkey,2005,47.2
150,Taiwan,2005,
151,Tanzania,2005,
152,Uganda,2005,
153,Ukraine,2005,
154,Uruguay,2005,
155,United States,2005,
156,Uzbekistan,2005,
157,Venezuela,2005,71.7
158,Vietnam,2005,
159,Yemen,2005,
160,South Africa,2005,
161,Zambia,2005,
162,Zimbabwe,2005,
163,Afghanistan,2006,
164,Angola,2006,
165,Albania,2006,
166,United Arab Emirates,2006,67.3
167,Argentina,2006,63.1
168,Armenia,2006,42.9
169,Australia,2006,
170,Austria,2006,71.2
171,Azerbaijan,2006,47.3
172,Burundi,2006,
173,Belgium,2006,
174,Benin,2006,33.3
175,Burkina Faso,2006,38.0
176,Bangladesh,2006,43.2
177,Bulgaria,2006,
178,Bahrain,2006,
179,Bosnia and Herzegovina,2006,
180,Belarus,2006,56.6
181,Belize,2006,
182,Bolivia,2006,53.7
183,Brazil,2006,
184,Bhutan,2006,
185,Botswana,2006,47.4
186,Central African Republic,2006,
187,Canada,2006,
188,Switzerland,2006,74.7
189,Chile,2006,60.6
190,China,2006,45.6
191,Cote d'Ivoire,2006,
192,Cameroon,2006,38.5
193,"Congo, Dem. Rep.",2006,
194,"Congo, Rep.",2006,
195,Colombia,2006,60.2
196,Comoros,2006,
197,Costa Rica,2006,70.8
198,Cuba,2006,54.2
199,Cyprus,2006,62.4
200,Czech Republic,2006,
201,Germany,2006,
202,Djibouti,2006,
203,Denmark,2006,
204,Dominican Republic,2006,50.9
205,Algeria,2006,
206,Ecuador,2006,50.2
207,Egypt,2006,
208,Spain,2006,
209,Estonia,2006,53.7
210,Ethiopia,2006,
211,Finland,2006,76.7
212,France,2006,65.8
213,Gabon,2006,
214,United Kingdom,2006,
215,Georgia,2006,36.8
216,Ghana,2006,45.4
217,Guinea,2006,
218,Gambia,2006,
219,Greece,2006,
220,Guatemala,2006,59.0
221,Guyana,2006,
222,"Hong Kong, China",2006,55.1
223,Honduras,2006,54.0
224,Croatia,2006,
225,Haiti,2006,37.5
226,Hungary,2006,
227,Indonesia,2006,49.5
228,India,2006,53.5
229,Ireland,2006,71.4
230,Iran,2006,
231,Iraq,2006,
232,Iceland,2006,
233,Israel,2006,71.7
234,Italy,2006,
235,Jamaica,2006,62.1
236,Jordan,2006,
237,Japan,2006,
238,Kazakhstan,2006,54.8
239,Kenya,2006,42.2
240,Kyrgyz Republic,2006,46.4
241,Cambodia,2006,35.7
242,South Korea,2006,53.3
243,Kuwait,2006,60.8
244,Lao,2006,50.8
245,Lebanon,2006,46.5
246,Liberia,2006,
247,Libya,2006,
248,Sri Lanka,2006,43.4
249,Lesotho,2006,
250,Lithuania,2006,59.5
251,Luxembourg,2006,
252,Latvia,2006,47.1
253,Morocco,2006,
254,Moldova,2006,51.0
255,Madagascar,2006,39.8
256,Maldives,2006,
257,Mexico,2006,
258,North Macedonia,2006,
259,Mali,2006,40.1
260,Malta,2006,
261,Myanmar,2006,
262,Montenegro,2006,
263,Mongolia,2006,
264,Mozambique,2006,45.9
265,Mauritania,2006,
266,Mauritius,2006,
267,Malawi,2006,38.3
268,Malaysia,2006,60.1
269,Namibia,2006,
270,Niger,2006,37.4
271,Nigeria,2006,47.1
272,Nicaragua,2006,44.6
273,Netherlands,2006,
274,Norway,2006,74.2
275,Nepal,2006,45.7
276,New Zealand,2006,73.1
277,Oman,2006,
278,Pakistan,2006,
279,Panama,2006,61.3
280,Peru,2006,48.1
281,Philippines,2006,46.7
282,Poland,2006,
283,Portugal,2006,54.1
284,Paraguay,2006,47.3
285,Palestine,2006,47.2
286,Qatar,2006,
287,Romania,2006,
288,Russia,2006,49.6
289,Rwanda,2006,42.1
290,Saudi Arabia,2006,
291,Sudan,2006,
292,Senegal,2006,44.2
293,Singapore,2006,64.6
294,Sierra Leone,2006,36.3
295,El Salvador,2006,57.0
296,Somalia,2006,
297,Serbia,2006,
298,South Sudan,2006,
299,Suriname,2006,
300,Slovak Republic,2006,52.6
301,Slovenia,2006,58.1
302,Sweden,2006,
303,Eswatini,2006,
304,Syria,2006,
305,Chad,2006,34.3
306,Togo,2006,32.0
307,Thailand,2006,58.9
308,Tajikistan,2006,46.1
309,Turkmenistan,2006,
310,Trinidad and Tobago,2006,58.3
311,Tunisia,2006,
312,Turkey,2006,
313,Taiwan,2006,61.9
314,Tanzania,2006,39.2
315,Uganda,2006,37.3
316,Ukraine,2006,48.0
317,Uruguay,2006,57.9
318,United States,2006,71.8
319,Uzbekistan,2006,52.3
320,Venezuela,2006,65.3
321,Vietnam,2006,52.9
322,Yemen,2006,
323,South Africa,2006,50.8
324,Zambia,2006,48.2
325,Zimbabwe,2006,38.3
326,Afghanistan,2007,
327,Angola,2007,
328,Albania,2007,46.3
329,United Arab Emirates,2007,
330,Argentina,2007,60.7
331,Armenia,2007,48.8
332,Australia,2007,72.9
333,Austria,2007,
334,Azerbaijan,2007,45.7
335,Burundi,2007,
336,Belgium,2007,72.2
337,Benin,2007,
338,Burkina Faso,2007,40.2
339,Bangladesh,2007,46.1
340,Bulgaria,2007,38.4
341,Bahrain,2007,
342,Bosnia and Herzegovina,2007,49.0
343,Belarus,2007,56.2
344,Belize,2007,64.5
345,Bolivia,2007,56.3
346,Brazil,2007,63.2
347,Bhutan,2007,
348,Botswana,2007,
349,Central African Republic,2007,41.6
350,Canada,2007,74.8
351,Switzerland,2007,
352,Chile,2007,57.0
353,China,2007,48.6
354,Cote d'Ivoire,2007,
355,Cameroon,2007,43.5
356,"Congo, Dem. Rep.",2007,
357,"Congo, Rep.",2007,
358,Colombia,2007,61.4
359,Comoros,2007,
360,Costa Rica,2007,74.3
361,Cuba,2007,
362,Cyprus,2007,
363,Czech Republic,2007,65.0
364,Germany,2007,64.2
365,Djibouti,2007,
366,Denmark,2007,78.3
367,Dominican Republic,2007,50.8
368,Algeria,2007,
369,Ecuador,2007,50.0
370,Egypt,2007,55.4
371,Spain,2007,69.9
372,Estonia,2007,53.3
373,Ethiopia,2007,
374,Finland,2007,
375,France,2007,
376,Gabon,2007,
377,United Kingdom,2007,68.0
378,Georgia,2007,37.1
379,Ghana,2007,52.2
380,Guinea,2007,
381,Gambia,2007,
382,Greece,2007,66.5
383,Guatemala,2007,63.3
384,Guyana,2007,59.9
385,"Hong Kong, China",2007,
386,Honduras,2007,51.0
387,Croatia,2007,58.2
388,Haiti,2007,
389,Hungary,2007,49.5
390,Indonesia,2007,51.0
391,India,2007,50.3
392,Ireland,2007,
393,Iran,2007,53.4
394,Iraq,2007,
395,Iceland,2007,
396,Israel,2007,68.4
397,Italy,2007,65.7
398,Jamaica,2007,
399,Jordan,2007,56.0
400,Japan,2007,62.4
401,Kazakhstan,2007,57.2
402,Kenya,2007,45.8
403,Kyrgyz Republic,2007,47.0
404,Cambodia,2007,41.6
405,South Korea,2007,57.7
406,Kuwait,2007,
407,Lao,2007,53.6
408,Lebanon,2007,
409,Liberia,2007,37.0
410,Libya,2007,
411,Sri Lanka,2007,44.1
412,Lesotho,2007,
413,Lithuania,2007,58.1
414,Luxembourg,2007,
415,Latvia,2007,46.7
416,Morocco,2007,
417,Moldova,2007,47.7
418,Madagascar,2007,
419,Maldives,2007,
420,Mexico,2007,65.3
421,North Macedonia,2007,44.9
422,Mali,2007,
423,Malta,2007,
424,Myanmar,2007,
425,Montenegro,2007,52.0
426,Mongolia,2007,46.1
427,Mozambique,2007,48.3
428,Mauritania,2007,41.5
429,Mauritius,2007,
430,Malawi,2007,48.9
431,Malaysia,2007,62.4
432,Namibia,2007,48.9
433,Niger,2007,42.8
434,Nigeria,2007,48.9
435,Nicaragua,2007,49.4
436,Netherlands,2007,74.5
437,Norway,2007,
438,Nepal,2007,47.5
439,New Zealand,2007,76.0
440,Oman,2007,
441,Pakistan,2007,56.7
442,Panama,2007,68.9
443,Peru,2007,52.1
444,Philippines,2007,50.7
445,Poland,2007,58.9
446,Portugal,2007,
447,Paraguay,2007,52.7
448,Palestine,2007,41.5
449,Qatar,2007,
450,Romania,2007,53.9
451,Russia,2007,52.2
452,Rwanda,2007,
453,Saudi Arabia,2007,72.7
454,Sudan,2007,
455,Senegal,2007,46.8
456,Singapore,2007,68.3
457,Sierra Leone,2007,35.9
458,El Salvador,2007,53.0
459,Somalia,2007,
460,Serbia,2007,47.5
461,South Sudan,2007,
462,Suriname,2007,
463,Slovak Republic,2007,
464,Slovenia,2007,
465,Sweden,2007,72.4
466,Eswatini,2007,
467,Syria,2007,
468,Chad,2007,41.4
469,Togo,2007,
470,Thailand,2007,57.8
471,Tajikistan,2007,44.3
472,Turkmenistan,2007,
473,Trinidad and Tobago,2007,
474,Tunisia,2007,
475,Turkey,2007,56.2
476,Taiwan,2007,
477,Tanzania,2007,43.2
478,Uganda,2007,44.6
479,Ukraine,2007,52.5
480,Uruguay,2007,56.9
481,United States,2007,75.1
482,Uzbekistan,2007,
483,Venezuela,2007,
484,Vietnam,2007,54.2
485,Yemen,2007,44.8
486,South Africa,2007,52.0
487,Zambia,2007,40.0
488,Zimbabwe,2007,32.8
489,Afghanistan,2008,37.2
490,Angola,2008,
491,Albania,2008,
492,United Arab Emirates,2008,
493,Argentina,2008,59.6
494,Armenia,2008,46.5
495,Australia,2008,72.5
496,Austria,2008,71.8
497,Azerbaijan,2008,48.2
498,Burundi,2008,35.6
499,Belgium,2008,71.2
500,Benin,2008,36.7
501,Burkina Faso,2008,38.5
502,Bangladesh,2008,50.5
503,Bulgaria,2008,
504,Bahrain,2008,
505,Bosnia and Herzegovina,2008,
506,Belarus,2008,54.6
507,Belize,2008,
508,Bolivia,2008,53.0
509,Brazil,2008,66.9
510,Bhutan,2008,
511,Botswana,2008,54.5
512,Central African Republic,2008,
513,Canada,2008,74.9
514,Switzerland,2008,
515,Chile,2008,57.9
516,China,2008,48.5
517,Cote d'Ivoire,2008,
518,Cameroon,2008,42.9
519,"Congo, Dem. Rep.",2008,
520,"Congo, Rep.",2008,38.2
521,Colombia,2008,61.7
522,Comoros,2008,
523,Costa Rica,2008,68.5
524,Cuba,2008,
525,Cyprus,2008,
526,Czech Republic,2008,
527,Germany,2008,65.2
528,Djibouti,2008,50.1
529,Denmark,2008,79.7
530,Dominican Republic,2008,48.4
531,Algeria,2008,
532,Ecuador,2008,53.0
533,Egypt,2008,46.3
534,Spain,2008,72.9
535,Estonia,2008,54.5
536,Ethiopia,2008,
537,Finland,2008,76.7
538,France,2008,70.1
539,Gabon,2008,
540,United Kingdom,2008,69.9
541,Georgia,2008,41.6
542,Ghana,2008,49.7
543,Guinea,2008,
544,Gambia,2008,
545,Greece,2008,
546,Guatemala,2008,64.1
547,Guyana,2008,
548,"Hong Kong, China",2008,51.4
549,Honduras,2008,54.2
550,Croatia,2008,
551,Haiti,2008,38.5
552,Hungary,2008,
553,Indonesia,2008,48.2
554,India,2008,51.5
555,Ireland,2008,75.7
556,Iran,2008,51.3
557,Iraq,2008,45.9
558,Iceland,2008,68.9
559,Israel,2008,72.6
560,Italy,2008,67.8
561,Jamaica,2008,
562,Jordan,2008,49.3
563,Japan,2008,59.1
564,Kazakhstan,2008,58.9
565,Kenya,2008,40.2
566,Kyrgyz Republic,2008,47.4
567,Cambodia,2008,44.6
568,South Korea,2008,53.9
569,Kuwait,2008,
570,Lao,2008,50.4
571,Lebanon,2008,45.9
572,Liberia,2008,42.2
573,Libya,2008,
574,Sri Lanka,2008,44.3
575,Lesotho,2008,
576,Lithuania,2008,55.5
577,Luxembourg,2008,
578,Latvia,2008,51.5
579,Morocco,2008,
580,Moldova,2008,55.0
581,Madagascar,2008,46.4
582,Maldives,2008,
583,Mexico,2008,68.3
584,North Macedonia,2008,
585,Mali,2008,41.1
586,Malta,2008,
587,Myanmar,2008,
588,Montenegro,2008,
589,Mongolia,2008,44.9
590,Mozambique,2008,46.5
591,Mauritania,2008,42.5
592,Mauritius,2008,
593,Malawi,2008,
594,Malaysia,2008,58.1
595,Namibia,2008,
596,Niger,2008,42.4
597,Nigeria,2008,49.4
598,Nicaragua,2008,51.0
599,Netherlands,2008,76.3
600,Norway,2008,76.3
601,Nepal,2008,44.4
602,New Zealand,2008,73.8
603,Oman,2008,
604,Pakistan,2008,44.1
605,Panama,2008,69.3
606,Peru,2008,51.3
607,Philippines,2008,45.9
608,Poland,2008,
609,Portugal,2008,57.2
610,Paraguay,2008,55.7
611,Palestine,2008,43.9
612,Qatar,2008,
613,Romania,2008,
614,Russia,2008,56.2
615,Rwanda,2008,43.6
616,Saudi Arabia,2008,68.1
617,Sudan,2008,
618,Senegal,2008,46.8
619,Singapore,2008,66.4
620,Sierra Leone,2008,30.0
621,El Salvador,2008,51.9
622,Somalia,2008,
623,Serbia,2008,
624,South Sudan,2008,
625,Suriname,2008,
626,Slovak Republic,2008,
627,Slovenia,2008,
628,Sweden,2008,75.2
629,Eswatini,2008,
630,Syria,2008,53.2
631,Chad,2008,46.3
632,Togo,2008,28.1
633,Thailand,2008,56.4
634,Tajikistan,2008,50.6
635,Turkmenistan,2008,
636,Trinidad and Tobago,2008,67.0
637,Tunisia,2008,
638,Turkey,2008,51.2
639,Taiwan,2008,55.5
640,Tanzania,2008,43.8
641,Uganda,2008,45.7
642,Ukraine,2008,51.7
643,Uruguay,2008,56.6
644,United States,2008,72.8
645,Uzbekistan,2008,53.1
646,Venezuela,2008,62.6
647,Vietnam,2008,54.8
648,Yemen,2008,
649,South Africa,2008,53.5
650,Zambia,2008,47.3
651,Zimbabwe,2008,31.7
652,Afghanistan,2009,44.0
653,Angola,2009,
654,Albania,2009,54.9
655,United Arab Emirates,2009,68.7
656,Argentina,2009,64.2
657,Armenia,2009,41.8
658,Australia,2009,
659,Austria,2009,
660,Azerbaijan,2009,45.7
661,Burundi,2009,37.9
662,Belgium,2009,
663,Benin,2009,
664,Burkina Faso,2009,
665,Bangladesh,2009,50.8
666,Bulgaria,2009,
667,Bahrain,2009,57.0
668,Bosnia and Herzegovina,2009,49.6
669,Belarus,2009,55.6
670,Belize,2009,
671,Bolivia,2009,60.9
672,Brazil,2009,70.0
673,Bhutan,2009,
674,Botswana,2009,
675,Central African Republic,2009,
676,Canada,2009,74.9
677,Switzerland,2009,75.2
678,Chile,2009,64.9
679,China,2009,44.5
680,Cote d'Ivoire,2009,42.0
681,Cameroon,2009,47.4
682,"Congo, Dem. Rep.",2009,39.8
683,"Congo, Rep.",2009,
684,Colombia,2009,62.7
685,Comoros,2009,34.8
686,Costa Rica,2009,76.1
687,Cuba,2009,
688,Cyprus,2009,68.3
689,Czech Republic,2009,
690,Germany,2009,66.4
691,Djibouti,2009,49.1
692,Denmark,2009,76.8
693,Dominican Republic,2009,54.3
694,Algeria,2009,
695,Ecuador,2009,60.2
696,Egypt,2009,50.7
697,Spain,2009,62.0
698,Estonia,2009,51.4
699,Ethiopia,2009,
700,Finland,2009,
701,France,2009,62.8
702,Gabon,2009,
703,United Kingdom,2009,69.1
704,Georgia,2009,38.0
705,Ghana,2009,42.0
706,Guinea,2009,
707,Gambia,2009,
708,Greece,2009,60.4
709,Guatemala,2009,64.5
710,Guyana,2009,
711,"Hong Kong, China",2009,54.0
712,Honduras,2009,60.3
713,Croatia,2009,54.3
714,Haiti,2009,
715,Hungary,2009,48.9
716,Indonesia,2009,54.7
717,India,2009,45.2
718,Ireland,2009,70.5
719,Iran,2009,
720,Iraq,2009,47.8
721,Iceland,2009,
722,Israel,2009,73.5
723,Italy,2009,63.3
724,Jamaica,2009,
725,Jordan,2009,60.0
726,Japan,2009,58.4
727,Kazakhstan,2009,53.8
728,Kenya,2009,42.7
729,Kyrgyz Republic,2009,50.7
730,Cambodia,2009,41.1
731,South Korea,2009,56.5
732,Kuwait,2009,65.9
733,Lao,2009,
734,Lebanon,2009,52.1
735,Liberia,2009,
736,Libya,2009,
737,Sri Lanka,2009,42.1
738,Lesotho,2009,
739,Lithuania,2009,54.7
740,Luxembourg,2009,69.6
741,Latvia,2009,46.7
742,Morocco,2009,
743,Moldova,2009,55.5
744,Madagascar,2009,
745,Maldives,2009,
746,Mexico,2009,69.6
747,North Macedonia,2009,44.3
748,Mali,2009,39.8
749,Malta,2009,63.3
750,Myanmar,2009,
751,Montenegro,2009,48.0
752,Mongolia,2009,
753,Mozambique,2009,
754,Mauritania,2009,45.0
755,Mauritius,2009,
756,Malawi,2009,51.5
757,Malaysia,2009,53.8
758,Namibia,2009,
759,Niger,2009,42.7
760,Nigeria,2009,49.8
761,Nicaragua,2009,53.5
762,Netherlands,2009,
763,Norway,2009,
764,Nepal,2009,49.2
765,New Zealand,2009,
766,Oman,2009,
767,Pakistan,2009,52.1
768,Panama,2009,70.3
769,Peru,2009,55.2
770,Philippines,2009,48.8
771,Poland,2009,57.7
772,Portugal,2009,
773,Paraguay,2009,55.8
774,Palestine,2009,44.7
775,Qatar,2009,64.2
776,Romania,2009,53.7
777,Russia,2009,51.6
778,Rwanda,2009,40.3
779,Saudi Arabia,2009,61.5
780,Sudan,2009,44.5
781,Senegal,2009,43.4
782,Singapore,2009,61.4
783,Sierra Leone,2009,
784,El Salvador,2009,68.4
785,Somalia,2009,49.9
786,Serbia,2009,43.8
787,South Sudan,2009,
788,Suriname,2009,
789,Slovak Republic,2009,
790,Slovenia,2009,58.3
791,Sweden,2009,72.7
792,Eswatini,2009,
793,Syria,2009,49.8
794,Chad,2009,36.4
795,Togo,2009,
796,Thailand,2009,54.8
797,Tajikistan,2009,45.8
798,Turkmenistan,2009,65.7
799,Trinidad and Tobago,2009,
800,Tunisia,2009,50.3
801,Turkey,2009,52.1
802,Taiwan,2009,
803,Tanzania,2009,34.1
804,Uganda,2009,46.1
805,Ukraine,2009,51.7
806,Uruguay,2009,63.0
807,United States,2009,71.6
808,Uzbekistan,2009,52.6
809,Venezuela,2009,71.9
810,Vietnam,2009,53.0
811,Yemen,2009,48.1
812,South Africa,2009,52.2
813,Zambia,2009,52.6
814,Zimbabwe,2009,40.6
815,Afghanistan,2010,47.6
816,Angola,2010,
817,Albania,2010,52.7
818,United Arab Emirates,2010,71.0
819,Argentina,2010,64.4
820,Armenia,2010,43.7
821,Australia,2010,74.5
822,Austria,2010,73.0
823,Azerbaijan,2010,42.2
824,Burundi,2010,
825,Belgium,2010,68.5
826,Benin,2010,
827,Burkina Faso,2010,40.4
828,Bangladesh,2010,48.6
829,Bulgaria,2010,39.1
830,Bahrain,2010,59.4
831,Bosnia and Herzegovina,2010,46.7
832,Belarus,2010,55.3
833,Belize,2010,
834,Bolivia,2010,57.8
835,Brazil,2010,68.4
836,Bhutan,2010,
837,Botswana,2010,35.5
838,Central African Republic,2010,35.7
839,Canada,2010,76.5
840,Switzerland,2010,
841,Chile,2010,66.4
842,China,2010,46.5
843,Cote d'Ivoire,2010,
844,Cameroon,2010,45.5
845,"Congo, Dem. Rep.",2010,
846,"Congo, Rep.",2010,
847,Colombia,2010,64.1
848,Comoros,2010,38.1
849,Costa Rica,2010,72.7
850,Cuba,2010,
851,Cyprus,2010,63.9
852,Czech Republic,2010,62.5
853,Germany,2010,67.2
854,Djibouti,2010,50.1
855,Denmark,2010,77.7
856,Dominican Republic,2010,47.4
857,Algeria,2010,54.6
858,Ecuador,2010,58.4
859,Egypt,2010,46.7
860,Spain,2010,61.9
861,Estonia,2010,
862,Ethiopia,2010,
863,Finland,2010,73.9
864,France,2010,68.0
865,Gabon,2010,
866,United Kingdom,2010,70.3
867,Georgia,2010,41.0
868,Ghana,2010,46.1
869,Guinea,2010,
870,Gambia,2010,
871,Greece,2010,58.4
872,Guatemala,2010,62.9
873,Guyana,2010,
874,"Hong Kong, China",2010,56.4
875,Honduras,2010,58.7
876,Croatia,2010,56.0
877,Haiti,2010,37.7
878,Hungary,2010,47.3
879,Indonesia,2010,54.6
880,India,2010,49.9
881,Ireland,2010,72.6
882,Iran,2010,
883,Iraq,2010,50.7
884,Iceland,2010,
885,Israel,2010,73.6
886,Italy,2010,63.5
887,Jamaica,2010,
888,Jordan,2010,55.7
889,Japan,2010,60.6
890,Kazakhstan,2010,55.1
891,Kenya,2010,42.6
892,Kyrgyz Republic,2010,50.0
893,Cambodia,2010,41.4
894,South Korea,2010,61.2
895,Kuwait,2010,68.0
896,Lao,2010,
897,Lebanon,2010,50.3
898,Liberia,2010,42.0
899,Libya,2010,
900,Sri Lanka,2010,39.8
901,Lesotho,2010,
902,Lithuania,2010,50.7
903,Luxembourg,2010,71.0
904,Latvia,2010,
905,Morocco,2010,43.8
906,Moldova,2010,55.9
907,Madagascar,2010,
908,Maldives,2010,
909,Mexico,2010,68.0
910,North Macedonia,2010,41.8
911,Mali,2010,37.6
912,Malta,2010,57.7
913,Myanmar,2010,
914,Montenegro,2010,54.6
915,Mongolia,2010,45.9
916,Mozambique,2010,
917,Mauritania,2010,47.7
918,Mauritius,2010,
919,Malawi,2010,
920,Malaysia,2010,55.8
921,Namibia,2010,
922,Niger,2010,41.0
923,Nigeria,2010,47.6
924,Nicaragua,2010,56.9
925,Netherlands,2010,75.0
926,Norway,2010,
927,Nepal,2010,43.5
928,New Zealand,2010,72.2
929,Oman,2010,
930,Pakistan,2010,57.9
931,Panama,2010,73.2
932,Peru,2010,56.1
933,Philippines,2010,49.4
934,Poland,2010,58.9
935,Portugal,2010,50.9
936,Paraguay,2010,58.4
937,Palestine,2010,47.0
938,Qatar,2010,68.5
939,Romania,2010,49.1
940,Russia,2010,53.8
941,Rwanda,2010,
942,Saudi Arabia,2010,63.1
943,Sudan,2010,44.4
944,Senegal,2010,43.7
945,Singapore,2010,65.3
946,Sierra Leone,2010,41.3
947,El Salvador,2010,67.4
948,Somalia,2010,46.6
949,Serbia,2010,44.6
950,South Sudan,2010,
951,Suriname,2010,
952,Slovak Republic,2010,60.5
953,Slovenia,2010,60.8
954,Sweden,2010,75.0
955,Eswatini,2010,
956,Syria,2010,44.6
957,Chad,2010,37.4
958,Togo,2010,
959,Thailand,2010,62.2
960,Tajikistan,2010,43.8
961,Turkmenistan,2010,
962,Trinidad and Tobago,2010,
963,Tunisia,2010,51.3
964,Turkey,2010,54.9
965,Taiwan,2010,62.3
966,Tanzania,2010,32.3
967,Uganda,2010,41.9
968,Ukraine,2010,50.6
969,Uruguay,2010,60.6
970,United States,2010,71.6
971,Uzbekistan,2010,51.0
972,Venezuela,2010,74.8
973,Vietnam,2010,53.0
974,Yemen,2010,43.5
975,South Africa,2010,46.5
976,Zambia,2010,
977,Zimbabwe,2010,46.8
978,Afghanistan,2011,38.3
979,Angola,2011,55.9
980,Albania,2011,58.7
981,United Arab Emirates,2011,71.2
982,Argentina,2011,67.8
983,Armenia,2011,42.6
984,Australia,2011,74.1
985,Austria,2011,74.7
986,Azerbaijan,2011,46.8
987,Burundi,2011,37.1
988,Belgium,2011,71.1
989,Benin,2011,38.7
990,Burkina Faso,2011,47.9
991,Bangladesh,2011,49.9
992,Bulgaria,2011,38.8
993,Bahrain,2011,48.2
994,Bosnia and Herzegovina,2011,49.9
995,Belarus,2011,52.3
996,Belize,2011,
997,Bolivia,2011,57.8
998,Brazil,2011,70.4
999,Bhutan,2011,
1000,Botswana,2011,35.2
1001,Central African Republic,2011,36.8
1002,Canada,2011,74.3
1003,Switzerland,2011,
1004,Chile,2011,65.3
1005,China,2011,50.4
1006,Cote d'Ivoire,2011,
1007,Cameroon,2011,44.3
1008,"Congo, Dem. Rep.",2011,45.2
1009,"Congo, Rep.",2011,45.1
1010,Colombia,2011,64.6
1011,Comoros,2011,38.4
1012,Costa Rica,2011,72.3
1013,Cuba,2011,
1014,Cyprus,2011,66.9
1015,Czech Republic,2011,63.3
1016,Germany,2011,66.2
1017,Djibouti,2011,43.7
1018,Denmark,2011,77.9
1019,Dominican Republic,2011,54.0
1020,Algeria,2011,53.2
1021,Ecuador,2011,58.0
1022,Egypt,2011,41.7
1023,Spain,2011,65.2
1024,Estonia,2011,54.9
1025,Ethiopia,2011,
1026,Finland,2011,73.5
1027,France,2011,69.6
1028,Gabon,2011,42.6
1029,United Kingdom,2011,68.7
1030,Georgia,2011,42.0
1031,Ghana,2011,56.1
1032,Guinea,2011,40.4
1033,Gambia,2011,
1034,Greece,2011,53.7
1035,Guatemala,2011,57.4
1036,Guyana,2011,
1037,"Hong Kong, China",2011,54.7
1038,Honduras,2011,49.6
1039,Croatia,2011,53.9
1040,Haiti,2011,48.4
1041,Hungary,2011,49.2
1042,Indonesia,2011,51.7
1043,India,2011,46.3
1044,Ireland,2011,70.1
1045,Iran,2011,47.7
1046,Iraq,2011,47.3
1047,Iceland,2011,
1048,Israel,2011,74.3
1049,Italy,2011,60.6
1050,Jamaica,2011,53.7
1051,Jordan,2011,55.4
1052,Japan,2011,62.6
1053,Kazakhstan,2011,57.4
1054,Kenya,2011,44.1
1055,Kyrgyz Republic,2011,49.2
1056,Cambodia,2011,41.6
1057,South Korea,2011,69.5
1058,Kuwait,2011,63.8
1059,Lao,2011,47.0
1060,Lebanon,2011,51.9
1061,Liberia,2011,
1062,Libya,2011,
1063,Sri Lanka,2011,41.8
1064,Lesotho,2011,49.0
1065,Lithuania,2011,54.3
1066,Luxembourg,2011,71.0
1067,Latvia,2011,49.7
1068,Morocco,2011,50.8
1069,Moldova,2011,57.9
1070,Madagascar,2011,43.8
1071,Maldives,2011,
1072,Mexico,2011,69.1
1073,North Macedonia,2011,49.0
1074,Mali,2011,46.7
1075,Malta,2011,61.5
1076,Myanmar,2011,
1077,Montenegro,2011,52.2
1078,Mongolia,2011,50.3
1079,Mozambique,2011,49.7
1080,Mauritania,2011,47.8
1081,Mauritius,2011,54.8
1082,Malawi,2011,39.5
1083,Malaysia,2011,57.9
1084,Namibia,2011,
1085,Niger,2011,45.6
1086,Nigeria,2011,
1087,Nicaragua,2011,53.9
1088,Netherlands,2011,75.6
1089,Norway,2011,
1090,Nepal,2011,38.1
1091,New Zealand,2011,71.9
1092,Oman,2011,68.5
1093,Pakistan,2011,52.7
1094,Panama,2011,72.5
1095,Peru,2011,58.9
1096,Philippines,2011,49.9
1097,Poland,2011,56.5
1098,Portugal,2011,52.2
1099,Paraguay,2011,56.8
1100,Palestine,2011,47.5
1101,Qatar,2011,65.9
1102,Romania,2011,50.2
1103,Russia,2011,53.9
1104,Rwanda,2011,41.0
1105,Saudi Arabia,2011,67.0
1106,Sudan,2011,43.1
1107,Senegal,2011,38.3
1108,Singapore,2011,65.6
1109,Sierra Leone,2011,45.0
1110,El Salvador,2011,47.4
1111,Somalia,2011,49.3
1112,Serbia,2011,48.2
1113,South Sudan,2011,
1114,Suriname,2011,
1115,Slovak Republic,2011,59.5
1116,Slovenia,2011,60.4
1117,Sweden,2011,73.8
1118,Eswatini,2011,48.7
1119,Syria,2011,40.4
1120,Chad,2011,43.9
1121,Togo,2011,29.4
1122,Thailand,2011,66.6
1123,Tajikistan,2011,42.6
1124,Turkmenistan,2011,57.9
1125,Trinidad and Tobago,2011,65.2
1126,Tunisia,2011,48.8
1127,Turkey,2011,52.7
1128,Taiwan,2011,63.1
1129,Tanzania,2011,40.7
1130,Uganda,2011,48.3
1131,Ukraine,2011,50.8
1132,Uruguay,2011,65.5
1133,United States,2011,71.2
1134,Uzbekistan,2011,57.4
1135,Venezuela,2011,65.8
1136,Vietnam,2011,57.7
1137,Yemen,2011,37.5
1138,South Africa,2011,49.3
1139,Zambia,2011,50.0
1140,Zimbabwe,2011,48.5
1141,Afghanistan,2012,37.8
1142,Angola,2012,43.6
1143,Albania,2012,55.1
1144,United Arab Emirates,2012,72.2
1145,Argentina,2012,64.7
1146,Armenia,2012,43.2
1147,Australia,2012,72.0
1148,Austria,2012,74.0
1149,Azerbaijan,2012,49.1
1150,Burundi,2012,
1151,Belgium,2012,69.4
1152,Benin,2012,31.9
1153,Burkina Faso,2012,39.6
1154,Bangladesh,2012,47.2
1155,Bulgaria,2012,42.2
1156,Bahrain,2012,50.3
1157,Bosnia and Herzegovina,2012,47.7
1158,Belarus,2012,57.5
1159,Belize,2012,
1160,Bolivia,2012,60.2
1161,Brazil,2012,66.6
1162,Bhutan,2012,
1163,Botswana,2012,48.4
1164,Central African Republic,2012,
1165,Canada,2012,74.2
1166,Switzerland,2012,77.8
1167,Chile,2012,66.0
1168,China,2012,50.9
1169,Cote d'Ivoire,2012,
1170,Cameroon,2012,42.4
1171,"Congo, Dem. Rep.",2012,46.4
1172,"Congo, Rep.",2012,39.2
1173,Colombia,2012,63.7
1174,Comoros,2012,39.6
1175,Costa Rica,2012,72.7
1176,Cuba,2012,
1177,Cyprus,2012,61.8
1178,Czech Republic,2012,63.3
1179,Germany,2012,67.0
1180,Djibouti,2012,
1181,Denmark,2012,75.2
1182,Dominican Republic,2012,47.5
1183,Algeria,2012,56.0
1184,Ecuador,2012,59.6
1185,Egypt,2012,42.0
1186,Spain,2012,62.9
1187,Estonia,2012,53.6
1188,Ethiopia,2012,45.6
1189,Finland,2012,74.2
1190,France,2012,66.5
1191,Gabon,2012,39.7
1192,United Kingdom,2012,68.8
1193,Georgia,2012,42.5
1194,Ghana,2012,50.6
1195,Guinea,2012,36.5
1196,Gambia,2012,
1197,Greece,2012,51.0
1198,Guatemala,2012,58.6
1199,Guyana,2012,
1200,"Hong Kong, China",2012,54.8
1201,Honduras,2012,46.0
1202,Croatia,2012,60.3
1203,Haiti,2012,44.1
1204,Hungary,2012,46.8
1205,Indonesia,2012,53.7
1206,India,2012,47.2
1207,Ireland,2012,69.6
1208,Iran,2012,46.1
1209,Iraq,2012,46.6
1210,Iceland,2012,75.9
1211,Israel,2012,71.1
1212,Italy,2012,58.4
1213,Jamaica,2012,
1214,Jordan,2012,51.3
1215,Japan,2012,59.7
1216,Kazakhstan,2012,57.6
1217,Kenya,2012,45.5
1218,Kyrgyz Republic,2012,52.1
1219,Cambodia,2012,39.0
1220,South Korea,2012,60.0
1221,Kuwait,2012,62.2
1222,Lao,2012,48.8
1223,Lebanon,2012,45.7
1224,Liberia,2012,
1225,Libya,2012,57.5
1226,Sri Lanka,2012,42.2
1227,Lesotho,2012,
1228,Lithuania,2012,57.7
1229,Luxembourg,2012,69.6
1230,Latvia,2012,51.3
1231,Morocco,2012,49.7
1232,Moldova,2012,60.0
1233,Madagascar,2012,35.5
1234,Maldives,2012,
1235,Mexico,2012,73.2
1236,North Macedonia,2012,46.4
1237,Mali,2012,43.1
1238,Malta,2012,59.6
1239,Myanmar,2012,44.4
1240,Montenegro,2012,52.2
1241,Mongolia,2012,48.9
1242,Mozambique,2012,
1243,Mauritania,2012,46.7
1244,Mauritius,2012,
1245,Malawi,2012,42.8
1246,Malaysia,2012,59.1
1247,Namibia,2012,
1248,Niger,2012,38.0
1249,Nigeria,2012,54.9
1250,Nicaragua,2012,54.5
1251,Netherlands,2012,74.7
1252,Norway,2012,76.8
1253,Nepal,2012,42.3
1254,New Zealand,2012,72.5
1255,Oman,2012,
1256,Pakistan,2012,51.3
1257,Panama,2012,68.6
1258,Peru,2012,58.2
1259,Philippines,2012,50.0
1260,Poland,2012,58.8
1261,Portugal,2012,49.9
1262,Paraguay,2012,58.2
1263,Palestine,2012,46.5
1264,Qatar,2012,66.1
1265,Romania,2012,51.7
1266,Russia,2012,56.2
1267,Rwanda,2012,33.3
1268,Saudi Arabia,2012,64.0
1269,Sudan,2012,45.5
1270,Senegal,2012,36.7
1271,Singapore,2012,
1272,Sierra Leone,2012,
1273,El Salvador,2012,59.3
1274,Somalia,2012,50.6
1275,Serbia,2012,51.5
1276,South Sudan,2012,
1277,Suriname,2012,62.7
1278,Slovak Republic,2012,59.1
1279,Slovenia,2012,60.6
1280,Sweden,2012,75.6
1281,Eswatini,2012,
1282,Syria,2012,31.6
1283,Chad,2012,40.3
1284,Togo,2012,
1285,Thailand,2012,63.0
1286,Tajikistan,2012,45.0
1287,Turkmenistan,2012,54.6
1288,Trinidad and Tobago,2012,
1289,Tunisia,2012,44.6
1290,Turkey,2012,53.1
1291,Taiwan,2012,61.3
1292,Tanzania,2012,40.1
1293,Uganda,2012,43.1
1294,Ukraine,2012,50.3
1295,Uruguay,2012,64.5
1296,United States,2012,70.3
1297,Uzbekistan,2012,60.2
1298,Venezuela,2012,70.7
1299,Vietnam,2012,55.3
1300,Yemen,2012,40.6
1301,South Africa,2012,51.3
1302,Zambia,2012,50.1
1303,Zimbabwe,2012,49.6
1304,Afghanistan,2013,35.7
1305,Angola,2013,39.4
1306,Albania,2013,45.5
1307,United Arab Emirates,2013,66.2
1308,Argentina,2013,65.8
1309,Armenia,2013,42.8
1310,Australia,2013,73.6
1311,Austria,2013,75.0
1312,Azerbaijan,2013,54.8
1313,Burundi,2013,
1314,Belgium,2013,71.0
1315,Benin,2013,34.8
1316,Burkina Faso,2013,33.3
1317,Bangladesh,2013,46.6
1318,Bulgaria,2013,39.9
1319,Bahrain,2013,66.9
1320,Bosnia and Herzegovina,2013,51.2
1321,Belarus,2013,58.8
1322,Belize,2013,
1323,Bolivia,2013,57.7
1324,Brazil,2013,71.4
1325,Bhutan,2013,55.7
1326,Botswana,2013,41.3
1327,Central African Republic,2013,
1328,Canada,2013,75.9
1329,Switzerland,2013,
1330,Chile,2013,67.4
1331,China,2013,52.4
1332,Cote d'Ivoire,2013,37.4
1333,Cameroon,2013,42.7
1334,"Congo, Dem. Rep.",2013,45.0
1335,"Congo, Rep.",2013,39.5
1336,Colombia,2013,66.1
1337,Comoros,2013,
1338,Costa Rica,2013,71.6
1339,Cuba,2013,
1340,Cyprus,2013,54.4
1341,Czech Republic,2013,67.0
1342,Germany,2013,69.7
1343,Djibouti,2013,
1344,Denmark,2013,75.9
1345,Dominican Republic,2013,50.2
1346,Algeria,2013,
1347,Ecuador,2013,60.2
1348,Egypt,2013,35.6
1349,Spain,2013,61.5
1350,Estonia,2013,53.7
1351,Ethiopia,2013,44.4
1352,Finland,2013,74.4
1353,France,2013,66.7
1354,Gabon,2013,38.0
1355,United Kingdom,2013,69.2
1356,Georgia,2013,43.5
1357,Ghana,2013,49.7
1358,Guinea,2013,39.0
1359,Gambia,2013,
1360,Greece,2013,47.2
1361,Guatemala,2013,59.8
1362,Guyana,2013,
1363,"Hong Kong, China",2013,
1364,Honduras,2013,47.1
1365,Croatia,2013,58.9
1366,Haiti,2013,46.2
1367,Hungary,2013,49.1
1368,Indonesia,2013,52.9
1369,India,2013,44.3
1370,Ireland,2013,67.6
1371,Iran,2013,51.4
1372,Iraq,2013,47.3
1373,Iceland,2013,75.0
1374,Israel,2013,73.2
1375,Italy,2013,60.1
1376,Jamaica,2013,57.1
1377,Jordan,2013,51.7
1378,Japan,2013,59.6
1379,Kazakhstan,2013,58.4
1380,Kenya,2013,38.0
1381,Kyrgyz Republic,2013,54.0
1382,Cambodia,2013,36.7
1383,South Korea,2013,59.6
1384,Kuwait,2013,64.8
1385,Lao,2013,
1386,Lebanon,2013,49.8
1387,Liberia,2013,
1388,Libya,2013,
1389,Sri Lanka,2013,43.6
1390,Lesotho,2013,
1391,Lithuania,2013,56.0
1392,Luxembourg,2013,71.3
1393,Latvia,2013,50.7
1394,Morocco,2013,51.4
1395,Moldova,2013,57.6
1396,Madagascar,2013,38.2
1397,Maldives,2013,
1398,Mexico,2013,74.4
1399,North Macedonia,2013,51.9
1400,Mali,2013,36.8
1401,Malta,2013,63.8
1402,Myanmar,2013,41.8
1403,Montenegro,2013,50.7
1404,Mongolia,2013,49.1
1405,Mozambique,2013,
1406,Mauritania,2013,42.0
1407,Mauritius,2013,
1408,Malawi,2013,40.4
1409,Malaysia,2013,57.7
1410,Namibia,2013,
1411,Niger,2013,37.2
1412,Nigeria,2013,48.2
1413,Nicaragua,2013,57.7
1414,Netherlands,2013,74.1
1415,Norway,2013,
1416,Nepal,2013,46.0
1417,New Zealand,2013,72.8
1418,Oman,2013,
1419,Pakistan,2013,51.4
1420,Panama,2013,68.7
1421,Peru,2013,57.8
1422,Philippines,2013,49.8
1423,Poland,2013,57.5
1424,Portugal,2013,51.6
1425,Paraguay,2013,59.4
1426,Palestine,2013,48.4
1427,Qatar,2013,
1428,Romania,2013,50.8
1429,Russia,2013,55.4
1430,Rwanda,2013,34.7
1431,Saudi Arabia,2013,65.0
1432,Sudan,2013,
1433,Senegal,2013,36.5
1434,Singapore,2013,65.3
1435,Sierra Leone,2013,45.1
1436,El Salvador,2013,63.3
1437,Somalia,2013,
1438,Serbia,2013,51.0
1439,South Sudan,2013,
1440,Suriname,2013,
1441,Slovak Republic,2013,59.4
1442,Slovenia,2013,59.7
1443,Sweden,2013,74.3
1444,Eswatini,2013,
1445,Syria,2013,26.9
1446,Chad,2013,35.1
1447,Togo,2013,
1448,Thailand,2013,62.3
1449,Tajikistan,2013,49.7
1450,Turkmenistan,2013,53.9
1451,Trinidad and Tobago,2013,61.7
1452,Tunisia,2013,52.5
1453,Turkey,2013,48.9
1454,Taiwan,2013,63.4
1455,Tanzania,2013,38.5
1456,Uganda,2013,37.1
1457,Ukraine,2013,47.1
1458,Uruguay,2013,64.4
1459,United States,2013,72.5
1460,Uzbekistan,2013,59.4
1461,Venezuela,2013,65.5
1462,Vietnam,2013,50.2
1463,Yemen,2013,42.2
1464,South Africa,2013,36.6
1465,Zambia,2013,52.4
1466,Zimbabwe,2013,46.9
1467,Afghanistan,2014,31.3
1468,Angola,2014,37.9
1469,Albania,2014,48.1
1470,United Arab Emirates,2014,65.4
1471,Argentina,2014,66.7
1472,Armenia,2014,44.5
1473,Australia,2014,72.9
1474,Austria,2014,69.5
1475,Azerbaijan,2014,52.5
1476,Burundi,2014,29.0
1477,Belgium,2014,68.6
1478,Benin,2014,33.5
1479,Burkina Faso,2014,34.8
1480,Bangladesh,2014,46.4
1481,Bulgaria,2014,44.4
1482,Bahrain,2014,61.7
1483,Bosnia and Herzegovina,2014,52.5
1484,Belarus,2014,58.1
1485,Belize,2014,59.6
1486,Bolivia,2014,58.6
1487,Brazil,2014,69.8
1488,Bhutan,2014,49.4
1489,Botswana,2014,40.3
1490,Central African Republic,2014,
1491,Canada,2014,73.0
1492,Switzerland,2014,74.9
1493,Chile,2014,68.4
1494,China,2014,52.0
1495,Cote d'Ivoire,2014,35.7
1496,Cameroon,2014,42.4
1497,"Congo, Dem. Rep.",2014,44.1
1498,"Congo, Rep.",2014,40.6
1499,Colombia,2014,64.5
1500,Comoros,2014,
1501,Costa Rica,2014,72.5
1502,Cuba,2014,
1503,Cyprus,2014,56.3
1504,Czech Republic,2014,64.8
1505,Germany,2014,69.8
1506,Djibouti,2014,
1507,Denmark,2014,75.1
1508,Dominican Republic,2014,53.9
1509,Algeria,2014,63.5
1510,Ecuador,2014,59.5
1511,Egypt,2014,48.9
1512,Spain,2014,64.6
1513,Estonia,2014,55.6
1514,Ethiopia,2014,45.1
1515,Finland,2014,73.8
1516,France,2014,64.7
1517,Gabon,2014,39.2
1518,United Kingdom,2014,67.6
1519,Georgia,2014,42.9
1520,Ghana,2014,38.6
1521,Guinea,2014,34.1
1522,Gambia,2014,
1523,Greece,2014,47.6
1524,Guatemala,2014,65.4
1525,Guyana,2014,
1526,"Hong Kong, China",2014,54.6
1527,Honduras,2014,50.6
1528,Croatia,2014,53.8
1529,Haiti,2014,38.9
1530,Hungary,2014,51.8
1531,Indonesia,2014,56.0
1532,India,2014,44.2
1533,Ireland,2014,70.2
1534,Iran,2014,46.8
1535,Iraq,2014,45.4
1536,Iceland,2014,
1537,Israel,2014,74.0
1538,Italy,2014,60.3
1539,Jamaica,2014,53.1
1540,Jordan,2014,53.3
1541,Japan,2014,59.2
1542,Kazakhstan,2014,59.7
1543,Kenya,2014,49.0
1544,Kyrgyz Republic,2014,52.5
1545,Cambodia,2014,38.8
1546,South Korea,2014,58.0
1547,Kuwait,2014,61.8
1548,Lao,2014,
1549,Lebanon,2014,52.3
1550,Liberia,2014,45.7
1551,Libya,2014,
1552,Sri Lanka,2014,42.7
1553,Lesotho,2014,
1554,Lithuania,2014,61.3
1555,Luxembourg,2014,68.9
1556,Latvia,2014,57.3
1557,Morocco,2014,
1558,Moldova,2014,59.2
1559,Madagascar,2014,36.8
1560,Maldives,2014,
1561,Mexico,2014,66.8
1562,North Macedonia,2014,52.0
1563,Mali,2014,39.7
1564,Malta,2014,64.5
1565,Myanmar,2014,47.9
1566,Montenegro,2014,52.8
1567,Mongolia,2014,48.2
1568,Mozambique,2014,
1569,Mauritania,2014,44.8
1570,Mauritius,2014,56.5
1571,Malawi,2014,45.6
1572,Malaysia,2014,59.6
1573,Namibia,2014,45.7
1574,Niger,2014,41.8
1575,Nigeria,2014,
1576,Nicaragua,2014,62.8
1577,Netherlands,2014,73.2
1578,Norway,2014,74.4
1579,Nepal,2014,49.8
1580,New Zealand,2014,73.1
1581,Oman,2014,
1582,Pakistan,2014,54.4
1583,Panama,2014,66.3
1584,Peru,2014,58.7
1585,Philippines,2014,53.1
1586,Poland,2014,57.5
1587,Portugal,2014,51.3
1588,Paraguay,2014,51.2
1589,Palestine,2014,47.2
1590,Qatar,2014,
1591,Romania,2014,57.3
1592,Russia,2014,60.4
1593,Rwanda,2014,36.0
1594,Saudi Arabia,2014,62.8
1595,Sudan,2014,41.4
1596,Senegal,2014,43.9
1597,Singapore,2014,70.6
1598,Sierra Leone,2014,45.0
1599,El Salvador,2014,58.6
1600,Somalia,2014,55.3
1601,Serbia,2014,51.1
1602,South Sudan,2014,38.3
1603,Suriname,2014,
1604,Slovak Republic,2014,61.4
1605,Slovenia,2014,56.8
1606,Sweden,2014,72.4
1607,Eswatini,2014,
1608,Syria,2014,
1609,Chad,2014,34.6
1610,Togo,2014,28.4
1611,Thailand,2014,69.9
1612,Tajikistan,2014,49.0
1613,Turkmenistan,2014,57.9
1614,Trinidad and Tobago,2014,
1615,Tunisia,2014,47.6
1616,Turkey,2014,55.8
1617,Taiwan,2014,63.6
1618,Tanzania,2014,34.8
1619,Uganda,2014,37.7
1620,Ukraine,2014,43.0
1621,Uruguay,2014,65.6
1622,United States,2014,71.5
1623,Uzbekistan,2014,60.5
1624,Venezuela,2014,61.4
1625,Vietnam,2014,50.8
1626,Yemen,2014,39.7
1627,South Africa,2014,48.3
1628,Zambia,2014,43.5
1629,Zimbabwe,2014,41.8
1630,Afghanistan,2015,39.8
1631,Angola,2015,
1632,Albania,2015,46.1
1633,United Arab Emirates,2015,65.7
1634,Argentina,2015,67.0
1635,Armenia,2015,43.5
1636,Australia,2015,73.1
1637,Austria,2015,70.8
1638,Azerbaijan,2015,51.5
1639,Burundi,2015,
1640,Belgium,2015,69.0
1641,Benin,2015,36.2
1642,Burkina Faso,2015,44.2
1643,Bangladesh,2015,46.3
1644,Bulgaria,2015,48.7
1645,Bahrain,2015,60.1
1646,Bosnia and Herzegovina,2015,51.2
1647,Belarus,2015,57.2
1648,Belize,2015,
1649,Bolivia,2015,58.3
1650,Brazil,2015,65.5
1651,Bhutan,2015,50.8
1652,Botswana,2015,37.6
1653,Central African Republic,2015,
1654,Canada,2015,74.1
1655,Switzerland,2015,75.7
1656,Chile,2015,65.3
1657,China,2015,53.0
1658,Cote d'Ivoire,2015,44.5
1659,Cameroon,2015,50.4
1660,"Congo, Dem. Rep.",2015,39.0
1661,"Congo, Rep.",2015,46.9
1662,Colombia,2015,63.9
1663,Comoros,2015,
1664,Costa Rica,2015,68.5
1665,Cuba,2015,
1666,Cyprus,2015,54.4
1667,Czech Republic,2015,66.1
1668,Germany,2015,70.4
1669,Djibouti,2015,
1670,Denmark,2015,75.1
1671,Dominican Republic,2015,50.6
1672,Algeria,2015,
1673,Ecuador,2015,59.6
1674,Egypt,2015,47.6
1675,Spain,2015,63.8
1676,Estonia,2015,56.3
1677,Ethiopia,2015,45.7
1678,Finland,2015,74.5
1679,France,2015,63.6
1680,Gabon,2015,46.6
1681,United Kingdom,2015,65.2
1682,Georgia,2015,41.2
1683,Ghana,2015,39.9
1684,Guinea,2015,35.0
1685,Gambia,2015,
1686,Greece,2015,56.2
1687,Guatemala,2015,64.6
1688,Guyana,2015,
1689,"Hong Kong, China",2015,
1690,Honduras,2015,48.5
1691,Croatia,2015,52.1
1692,Haiti,2015,35.7
1693,Hungary,2015,53.4
1694,Indonesia,2015,50.4
1695,India,2015,43.4
1696,Ireland,2015,68.3
1697,Iran,2015,47.5
1698,Iraq,2015,44.9
1699,Iceland,2015,75.0
1700,Israel,2015,70.8
1701,Italy,2015,58.5
1702,Jamaica,2015,
1703,Jordan,2015,54.0
1704,Japan,2015,58.8
1705,Kazakhstan,2015,59.5
1706,Kenya,2015,43.6
1707,Kyrgyz Republic,2015,49.1
1708,Cambodia,2015,41.6
1709,South Korea,2015,57.8
1710,Kuwait,2015,61.5
1711,Lao,2015,
1712,Lebanon,2015,51.7
1713,Liberia,2015,27.0
1714,Libya,2015,56.2
1715,Sri Lanka,2015,46.1
1716,Lesotho,2015,
1717,Lithuania,2015,57.1
1718,Luxembourg,2015,67.0
1719,Latvia,2015,58.8
1720,Morocco,2015,51.6
1721,Moldova,2015,60.2
1722,Madagascar,2015,35.9
1723,Maldives,2015,
1724,Mexico,2015,62.4
1725,North Macedonia,2015,49.8
1726,Mali,2015,45.8
1727,Malta,2015,66.1
1728,Myanmar,2015,42.2
1729,Montenegro,2015,51.2
1730,Mongolia,2015,49.8
1731,Mozambique,2015,45.5
1732,Mauritania,2015,39.2
1733,Mauritius,2015,
1734,Malawi,2015,38.7
1735,Malaysia,2015,63.2
1736,Namibia,2015,
1737,Niger,2015,36.7
1738,Nigeria,2015,49.3
1739,Nicaragua,2015,59.2
1740,Netherlands,2015,73.2
1741,Norway,2015,76.0
1742,Nepal,2015,48.1
1743,New Zealand,2015,74.2
1744,Oman,2015,
1745,Pakistan,2015,48.2
1746,Panama,2015,66.1
1747,Peru,2015,55.8
1748,Philippines,2015,55.5
1749,Poland,2015,60.1
1750,Portugal,2015,50.8
1751,Paraguay,2015,55.6
1752,Palestine,2015,47.0
1753,Qatar,2015,63.7
1754,Romania,2015,57.8
1755,Russia,2015,60.0
1756,Rwanda,2015,34.8
1757,Saudi Arabia,2015,63.5
1758,Sudan,2015,
1759,Senegal,2015,46.2
1760,Singapore,2015,66.2
1761,Sierra Leone,2015,49.1
1762,El Salvador,2015,60.2
1763,Somalia,2015,53.5
1764,Serbia,2015,53.2
1765,South Sudan,2015,40.7
1766,Suriname,2015,
1767,Slovak Republic,2015,61.6
1768,Slovenia,2015,57.4
1769,Sweden,2015,72.9
1770,Eswatini,2015,
1771,Syria,2015,34.6
1772,Chad,2015,43.2
1773,Togo,2015,37.7
1774,Thailand,2015,62.0
1775,Tajikistan,2015,51.2
1776,Turkmenistan,2015,57.9
1777,Trinidad and Tobago,2015,
1778,Tunisia,2015,51.3
1779,Turkey,2015,55.1
1780,Taiwan,2015,64.5
1781,Tanzania,2015,36.6
1782,Uganda,2015,42.4
1783,Ukraine,2015,39.6
1784,Uruguay,2015,66.3
1785,United States,2015,68.6
1786,Uzbekistan,2015,59.7
1787,Venezuela,2015,55.7
1788,Vietnam,2015,50.8
1789,Yemen,2015,29.8
1790,South Africa,2015,48.9
1791,Zambia,2015,48.4
1792,Zimbabwe,2015,37.0
1793,Afghanistan,2016,42.2
1794,Angola,2016,
1795,Albania,2016,45.1
1796,United Arab Emirates,2016,68.3
1797,Argentina,2016,64.3
1798,Armenia,2016,43.3
1799,Australia,2016,72.5
1800,Austria,2016,70.5
1801,Azerbaijan,2016,53.0
1802,Burundi,2016,
1803,Belgium,2016,69.5
1804,Benin,2016,40.1
1805,Burkina Faso,2016,42.1
1806,Bangladesh,2016,45.6
1807,Bulgaria,2016,48.4
1808,Bahrain,2016,61.7
1809,Bosnia and Herzegovina,2016,51.8
1810,Belarus,2016,51.8
1811,Belize,2016,
1812,Bolivia,2016,57.7
1813,Brazil,2016,63.7
1814,Bhutan,2016,
1815,Botswana,2016,35.0
1816,Central African Republic,2016,26.9
1817,Canada,2016,72.4
1818,Switzerland,2016,74.6
1819,Chile,2016,65.8
1820,China,2016,53.2
1821,Cote d'Ivoire,2016,45.4
1822,Cameroon,2016,48.2
1823,"Congo, Dem. Rep.",2016,45.2
1824,"Congo, Rep.",2016,41.2
1825,Colombia,2016,62.3
1826,Comoros,2016,
1827,Costa Rica,2016,71.4
1828,Cuba,2016,
1829,Cyprus,2016,57.9
1830,Czech Republic,2016,67.4
1831,Germany,2016,68.7
1832,Djibouti,2016,
1833,Denmark,2016,75.6
1834,Dominican Republic,2016,52.4
1835,Algeria,2016,53.4
1836,Ecuador,2016,61.2
1837,Egypt,2016,45.6
1838,Spain,2016,63.2
1839,Estonia,2016,56.5
1840,Ethiopia,2016,43.0
1841,Finland,2016,76.6
1842,France,2016,64.8
1843,Gabon,2016,48.3
1844,United Kingdom,2016,68.2
1845,Georgia,2016,44.5
1846,Ghana,2016,45.1
1847,Guinea,2016,36.0
1848,Gambia,2016,
1849,Greece,2016,53.0
1850,Guatemala,2016,63.6
1851,Guyana,2016,
1852,"Hong Kong, China",2016,55.0
1853,Honduras,2016,56.5
1854,Croatia,2016,54.2
1855,Haiti,2016,33.5
1856,Hungary,2016,54.5
1857,Indonesia,2016,51.4
1858,India,2016,41.8
1859,Ireland,2016,70.4
1860,Iran,2016,46.5
1861,Iraq,2016,44.1
1862,Iceland,2016,75.1
1863,Israel,2016,71.6
1864,Italy,2016,59.5
1865,Jamaica,2016,
1866,Jordan,2016,52.7
1867,Japan,2016,59.5
1868,Kazakhstan,2016,55.3
1869,Kenya,2016,44.0
1870,Kyrgyz Republic,2016,48.6
1871,Cambodia,2016,44.6
1872,South Korea,2016,59.7
1873,Kuwait,2016,59.5
1874,Lao,2016,
1875,Lebanon,2016,52.7
1876,Liberia,2016,33.5
1877,Libya,2016,54.3
1878,Sri Lanka,2016,
1879,Lesotho,2016,38.1
1880,Lithuania,2016,58.7
1881,Luxembourg,2016,69.7
1882,Latvia,2016,59.4
1883,Morocco,2016,53.9
1884,Moldova,2016,55.8
1885,Madagascar,2016,36.6
1886,Maldives,2016,
1887,Mexico,2016,68.2
1888,North Macedonia,2016,53.5
1889,Mali,2016,40.2
1890,Malta,2016,65.9
1891,Myanmar,2016,46.2
1892,Montenegro,2016,53.0
1893,Mongolia,2016,50.6
1894,Mozambique,2016,
1895,Mauritania,2016,44.7
1896,Mauritius,2016,56.1
1897,Malawi,2016,34.8
1898,Malaysia,2016,
1899,Namibia,2016,
1900,Niger,2016,42.3
1901,Nigeria,2016,52.2
1902,Nicaragua,2016,60.1
1903,Netherlands,2016,75.4
1904,Norway,2016,76.0
1905,Nepal,2016,51.0
1906,New Zealand,2016,72.3
1907,Oman,2016,
1908,Pakistan,2016,55.5
1909,Panama,2016,61.2
1910,Peru,2016,57.0
1911,Philippines,2016,54.3
1912,Poland,2016,61.6
1913,Portugal,2016,54.5
1914,Paraguay,2016,58.0
1915,Palestine,2016,49.1
1916,Qatar,2016,
1917,Romania,2016,59.7
1918,Russia,2016,58.5
1919,Rwanda,2016,33.3
1920,Saudi Arabia,2016,64.7
1921,Sudan,2016,
1922,Senegal,2016,45.9
1923,Singapore,2016,60.3
1924,Sierra Leone,2016,47.3
1925,El Salvador,2016,61.4
1926,Somalia,2016,46.7
1927,Serbia,2016,57.5
1928,South Sudan,2016,28.9
1929,Suriname,2016,
1930,Slovak Republic,2016,59.9
1931,Slovenia,2016,59.4
1932,Sweden,2016,73.7
1933,Eswatini,2016,
1934,Syria,2016,
1935,Chad,2016,40.3
1936,Togo,2016,38.8
1937,Thailand,2016,60.7
1938,Tajikistan,2016,51.0
1939,Turkmenistan,2016,58.9
1940,Trinidad and Tobago,2016,
1941,Tunisia,2016,45.2
1942,Turkey,2016,53.3
1943,Taiwan,2016,65.1
1944,Tanzania,2016,29.0
1945,Uganda,2016,42.3
1946,Ukraine,2016,40.3
1947,Uruguay,2016,61.7
1948,United States,2016,68.0
1949,Uzbekistan,2016,58.9
1950,Venezuela,2016,40.4
1951,Vietnam,2016,50.6
1952,Yemen,2016,38.3
1953,South Africa,2016,47.7
1954,Zambia,2016,43.5
1955,Zimbabwe,2016,37.4
1956,Afghanistan,2017,26.6
1957,Angola,2017,
1958,Albania,2017,46.4
1959,United Arab Emirates,2017,70.4
1960,Argentina,2017,60.4
1961,Armenia,2017,42.9
1962,Australia,2017,72.6
1963,Austria,2017,72.9
1964,Azerbaijan,2017,51.5
1965,Burundi,2017,
1966,Belgium,2017,69.3
1967,Benin,2017,48.5
1968,Burkina Faso,2017,46.5
1969,Bangladesh,2017,43.1
1970,Bulgaria,2017,51.0
1971,Bahrain,2017,62.3
1972,Bosnia and Herzegovina,2017,50.9
1973,Belarus,2017,55.5
1974,Belize,2017,
1975,Bolivia,2017,56.5
1976,Brazil,2017,63.3
1977,Bhutan,2017,
1978,Botswana,2017,35.0
1979,Central African Republic,2017,34.8
1980,Canada,2017,74.1
1981,Switzerland,2017,74.7
1982,Chile,2017,63.2
1983,China,2017,51.0
1984,Cote d'Ivoire,2017,50.4
1985,Cameroon,2017,50.7
1986,"Congo, Dem. Rep.",2017,43.1
1987,"Congo, Rep.",2017,48.8
1988,Colombia,2017,61.6
1989,Comoros,2017,
1990,Costa Rica,2017,72.3
1991,Cuba,2017,
1992,Cyprus,2017,60.6
1993,Czech Republic,2017,67.9
1994,Germany,2017,70.7
1995,Djibouti,2017,
1996,Denmark,2017,75.9
1997,Dominican Republic,2017,56.1
1998,Algeria,2017,52.5
1999,Ecuador,2017,58.4
2000,Egypt,2017,39.3
2001,Spain,2017,62.3
2002,Estonia,2017,59.4
2003,Ethiopia,2017,41.8
2004,Finland,2017,77.9
2005,France,2017,66.4
2006,Gabon,2017,47.8
2007,United Kingdom,2017,71.0
2008,Georgia,2017,44.5
2009,Ghana,2017,54.8
2010,Guinea,2017,48.7
2011,Gambia,2017,41.2
2012,Greece,2017,51.5
2013,Guatemala,2017,63.3
2014,Guyana,2017,
2015,"Hong Kong, China",2017,53.6
2016,Honduras,2017,60.2
2017,Croatia,2017,53.4
2018,Haiti,2017,38.2
2019,Hungary,2017,60.7
2020,Indonesia,2017,51.0
2021,India,2017,40.5
2022,Ireland,2017,70.6
2023,Iran,2017,47.2
2024,Iraq,2017,44.6
2025,Iceland,2017,74.8
2026,Israel,2017,73.3
2027,Italy,2017,62.0
2028,Jamaica,2017,58.9
2029,Jordan,2017,48.1
2030,Japan,2017,59.1
2031,Kazakhstan,2017,58.8
2032,Kenya,2017,44.8
2033,Kyrgyz Republic,2017,56.3
2034,Cambodia,2017,45.9
2035,South Korea,2017,58.7
2036,Kuwait,2017,60.9
2037,Lao,2017,46.2
2038,Lebanon,2017,51.5
2039,Liberia,2017,44.2
2040,Libya,2017,56.5
2041,Sri Lanka,2017,43.3
2042,Lesotho,2017,38.0
2043,Lithuania,2017,62.7
2044,Luxembourg,2017,70.6
2045,Latvia,2017,59.8
2046,Morocco,2017,53.1
2047,Moldova,2017,53.3
2048,Madagascar,2017,40.8
2049,Maldives,2017,
2050,Mexico,2017,64.1
2051,North Macedonia,2017,52.3
2052,Mali,2017,47.4
2053,Malta,2017,66.8
2054,Myanmar,2017,41.5
2055,Montenegro,2017,56.1
2056,Mongolia,2017,53.3
2057,Mozambique,2017,42.8
2058,Mauritania,2017,46.8
2059,Mauritius,2017,61.7
2060,Malawi,2017,34.2
2061,Malaysia,2017,
2062,Namibia,2017,44.4
2063,Niger,2017,46.2
2064,Nigeria,2017,53.2
2065,Nicaragua,2017,64.8
2066,Netherlands,2017,74.6
2067,Norway,2017,75.8
2068,Nepal,2017,47.4
2069,New Zealand,2017,73.3
2070,Oman,2017,
2071,Pakistan,2017,58.3
2072,Panama,2017,65.7
2073,Peru,2017,57.1
2074,Philippines,2017,55.9
2075,Poland,2017,62.0
2076,Portugal,2017,57.1
2077,Paraguay,2017,57.1
2078,Palestine,2017,46.3
2079,Qatar,2017,
2080,Romania,2017,60.9
2081,Russia,2017,55.8
2082,Rwanda,2017,31.1
2083,Saudi Arabia,2017,62.9
2084,Sudan,2017,
2085,Senegal,2017,46.8
2086,Singapore,2017,63.8
2087,Sierra Leone,2017,40.9
2088,El Salvador,2017,63.4
2089,Somalia,2017,
2090,Serbia,2017,51.2
2091,South Sudan,2017,28.2
2092,Suriname,2017,
2093,Slovak Republic,2017,63.7
2094,Slovenia,2017,61.7
2095,Sweden,2017,72.9
2096,Eswatini,2017,
2097,Syria,2017,
2098,Chad,2017,45.6
2099,Togo,2017,43.6
2100,Thailand,2017,59.4
2101,Tajikistan,2017,58.3
2102,Turkmenistan,2017,52.3
2103,Trinidad and Tobago,2017,61.9
2104,Tunisia,2017,41.2
2105,Turkey,2017,56.1
2106,Taiwan,2017,63.6
2107,Tanzania,2017,33.5
2108,Uganda,2017,40.0
2109,Ukraine,2017,43.1
2110,Uruguay,2017,63.4
2111,United States,2017,69.9
2112,Uzbekistan,2017,64.2
2113,Venezuela,2017,50.7
2114,Vietnam,2017,51.8
2115,Yemen,2017,32.5
2116,South Africa,2017,45.1
2117,Zambia,2017,39.3
2118,Zimbabwe,2017,36.4
2119,Afghanistan,2018,26.9
2120,Angola,2018,
2121,Albania,2018,50.0
2122,United Arab Emirates,2018,66.0
2123,Argentina,2018,57.9
2124,Armenia,2018,50.6
2125,Australia,2018,71.8
2126,Austria,2018,74.0
2127,Azerbaijan,2018,51.7
2128,Burundi,2018,37.8
2129,Belgium,2018,68.9
2130,Benin,2018,58.2
2131,Burkina Faso,2018,49.3
2132,Bangladesh,2018,45.0
2133,Bulgaria,2018,51.0
2134,Bahrain,2018,
2135,Bosnia and Herzegovina,2018,58.9
2136,Belarus,2018,52.3
2137,Belize,2018,
2138,Bolivia,2018,59.2
2139,Brazil,2018,61.9
2140,Bhutan,2018,
2141,Botswana,2018,34.6
2142,Central African Republic,2018,
2143,Canada,2018,71.8
2144,Switzerland,2018,75.1
2145,Chile,2018,64.4
2146,China,2018,51.3
2147,Cote d'Ivoire,2018,52.7
2148,Cameroon,2018,52.5
2149,"Congo, Dem. Rep.",2018,
2150,"Congo, Rep.",2018,54.9
2151,Colombia,2018,59.8
2152,Comoros,2018,39.7
2153,Costa Rica,2018,71.4
2154,Cuba,2018,
2155,Cyprus,2018,62.8
2156,Czech Republic,2018,70.3
2157,Germany,2018,71.2
2158,Djibouti,2018,
2159,Denmark,2018,76.5
2160,Dominican Republic,2018,54.3
2161,Algeria,2018,50.4
2162,Ecuador,2018,61.3
2163,Egypt,2018,40.1
2164,Spain,2018,65.1
2165,Estonia,2018,60.9
2166,Ethiopia,2018,43.8
2167,Finland,2018,78.6
2168,France,2018,66.7
2169,Gabon,2018,47.8
2170,United Kingdom,2018,72.3
2171,Georgia,2018,46.6
2172,Ghana,2018,
2173,Guinea,2018,52.5
2174,Gambia,2018,49.2
2175,Greece,2018,54.1
2176,Guatemala,2018,66.3
2177,Guyana,2018,
2178,"Hong Kong, China",2018,
2179,Honduras,2018,59.1
2180,Croatia,2018,55.4
2181,Haiti,2018,36.1
2182,Hungary,2018,
2183,Indonesia,2018,53.4
2184,India,2018,38.2
2185,Ireland,2018,69.6
2186,Iran,2018,42.8
2187,Iraq,2018,
2188,Iceland,2018,
2189,Israel,2018,69.3
2190,Italy,2018,65.2
2191,Jamaica,2018,
2192,Jordan,2018,46.4
2193,Japan,2018,57.9
2194,Kazakhstan,2018,60.1
2195,Kenya,2018,46.6
2196,Kyrgyz Republic,2018,53.0
2197,Cambodia,2018,51.2
2198,South Korea,2018,58.4
2199,Kuwait,2018,
2200,Lao,2018,48.6
2201,Lebanon,2018,51.7
2202,Liberia,2018,41.3
2203,Libya,2018,54.9
2204,Sri Lanka,2018,44.0
2205,Lesotho,2018,
2206,Lithuania,2018,63.1
2207,Luxembourg,2018,72.4
2208,Latvia,2018,59.0
2209,Morocco,2018,49.0
2210,Moldova,2018,56.8
2211,Madagascar,2018,40.7
2212,Maldives,2018,
2213,Mexico,2018,65.5
2214,North Macedonia,2018,52.4
2215,Mali,2018,44.2
2216,Malta,2018,69.1
2217,Myanmar,2018,44.1
2218,Montenegro,2018,56.5
2219,Mongolia,2018,54.6
2220,Mozambique,2018,46.5
2221,Mauritania,2018,43.1
2222,Mauritius,2018,58.8
2223,Malawi,2018,33.3
2224,Malaysia,2018,53.4
2225,Namibia,2018,48.3
2226,Niger,2018,51.6
2227,Nigeria,2018,52.5
2228,Nicaragua,2018,58.2
2229,Netherlands,2018,74.6
2230,Norway,2018,74.4
2231,Nepal,2018,49.1
2232,New Zealand,2018,73.7
2233,Oman,2018,
2234,Pakistan,2018,54.7
2235,Panama,2018,62.8
2236,Peru,2018,56.8
2237,Philippines,2018,58.7
2238,Poland,2018,
2239,Portugal,2018,59.2
2240,Paraguay,2018,
2241,Palestine,2018,45.5
2242,Qatar,2018,
2243,Romania,2018,61.5
2244,Russia,2018,55.1
2245,Rwanda,2018,35.6
2246,Saudi Arabia,2018,63.6
2247,Sudan,2018,
2248,Senegal,2018,47.7
2249,Singapore,2018,63.7
2250,Sierra Leone,2018,43.1
2251,El Salvador,2018,62.8
2252,Somalia,2018,
2253,Serbia,2018,59.4
2254,South Sudan,2018,
2255,Suriname,2018,
2256,Slovak Republic,2018,62.4
2257,Slovenia,2018,62.5
2258,Sweden,2018,73.7
2259,Eswatini,2018,42.1
2260,Syria,2018,
2261,Chad,2018,44.9
2262,Togo,2018,40.2
2263,Thailand,2018,60.1
2264,Tajikistan,2018,
2265,Turkmenistan,2018,46.2
2266,Trinidad and Tobago,2018,
2267,Tunisia,2018,47.4
2268,Turkey,2018,51.9
2269,Taiwan,2018,64.7
2270,Tanzania,2018,34.5
2271,Uganda,2018,43.2
2272,Ukraine,2018,46.6
2273,Uruguay,2018,63.7
2274,United States,2018,68.8
2275,Uzbekistan,2018,62.1
2276,Venezuela,2018,50.1
2277,Vietnam,2018,53.0
2278,Yemen,2018,30.6
2279,South Africa,2018,48.8
2280,Zambia,2018,40.4
2281,Zimbabwe,2018,36.2
2282,Afghanistan,2019,25.7
2283,Angola,2019,
2284,Albania,2019,48.8
2285,United Arab Emirates,2019,67.9
2286,Argentina,2019,59.7
2287,Armenia,2019,46.8
2288,Australia,2019,72.2
2289,Austria,2019,72.9
2290,Azerbaijan,2019,51.6
2291,Burundi,2019,37.8
2292,Belgium,2019,68.6
2293,Benin,2019,52.2
2294,Burkina Faso,2019,47.7
2295,Bangladesh,2019,48.3
2296,Bulgaria,2019,51.0
2297,Bahrain,2019,62.3
2298,Bosnia and Herzegovina,2019,56.7
2299,Belarus,2019,55.4
2300,Belize,2019,
2301,Bolivia,2019,57.5
2302,Brazil,2019,63.8
2303,Bhutan,2019,
2304,Botswana,2019,34.8
2305,Central African Republic,2019,34.8
2306,Canada,2019,72.3
2307,Switzerland,2019,75.6
2308,Chile,2019,62.3
2309,China,2019,51.2
2310,Cote d'Ivoire,2019,52.3
2311,Cameroon,2019,50.8
2312,"Congo, Dem. Rep.",2019,43.1
2313,"Congo, Rep.",2019,51.9
2314,Colombia,2019,61.6
2315,Comoros,2019,42.9
2316,Costa Rica,2019,71.2
2317,Cuba,2019,
2318,Cyprus,2019,61.6
2319,Czech Republic,2019,69.1
2320,Germany,2019,70.8
2321,Djibouti,2019,
2322,Denmark,2019,76.5
2323,Dominican Republic,2019,56.9
2324,Algeria,2019,50.1
2325,Ecuador,2019,59.3
2326,Egypt,2019,41.5
2327,Spain,2019,64.0
2328,Estonia,2019,60.2
2329,Ethiopia,2019,41.9
2330,Finland,2019,78.1
2331,France,2019,66.6
2332,Gabon,2019,48.3
2333,United Kingdom,2019,71.6
2334,Georgia,2019,46.7
2335,Ghana,2019,51.5
2336,Guinea,2019,49.5
2337,Gambia,2019,47.5
2338,Greece,2019,55.1
2339,Guatemala,2019,64.0
2340,Guyana,2019,
2341,"Hong Kong, China",2019,55.1
2342,Honduras,2019,59.5
2343,Croatia,2019,55.0
2344,Haiti,2019,37.2
2345,Hungary,2019,60.0
2346,Indonesia,2019,52.9
2347,India,2019,35.7
2348,Ireland,2019,70.9
2349,Iran,2019,46.7
2350,Iraq,2019,47.8
2351,Iceland,2019,75.0
2352,Israel,2019,71.3
2353,Italy,2019,63.9
2354,Jamaica,2019,58.9
2355,Jordan,2019,46.3
2356,Japan,2019,58.7
2357,Kazakhstan,2019,60.6
2358,Kenya,2019,45.8
2359,Kyrgyz Republic,2019,55.4
2360,Cambodia,2019,48.5
2361,South Korea,2019,58.7
2362,Kuwait,2019,61.0
2363,Lao,2019,48.9
2364,Lebanon,2019,47.7
2365,Liberia,2019,45.6
2366,Libya,2019,54.9
2367,Sri Lanka,2019,43.3
2368,Lesotho,2019,36.5
2369,Lithuania,2019,62.2
2370,Luxembourg,2019,72.4
2371,Latvia,2019,59.5
2372,Morocco,2019,50.9
2373,Moldova,2019,56.1
2374,Madagascar,2019,41.7
2375,Maldives,2019,52.0
2376,Mexico,2019,64.7
2377,North Macedonia,2019,51.6
2378,Mali,2019,47.3
2379,Malta,2019,67.7
2380,Myanmar,2019,43.1
2381,Montenegro,2019,55.5
2382,Mongolia,2019,54.6
2383,Mozambique,2019,46.2
2384,Mauritania,2019,43.7
2385,Mauritius,2019,61.0
2386,Malawi,2019,35.4
2387,Malaysia,2019,53.8
2388,Namibia,2019,45.7
2389,Niger,2019,49.1
2390,Nigeria,2019,47.2
2391,Nicaragua,2019,61.4
2392,Netherlands,2019,74.5
2393,Norway,2019,74.9
2394,Nepal,2019,51.4
2395,New Zealand,2019,73.0
2396,Oman,2019,
2397,Pakistan,2019,56.9
2398,Panama,2019,63.0
2399,Peru,2019,58.0
2400,Philippines,2019,60.1
2401,Poland,2019,61.9
2402,Portugal,2019,59.1
2403,Paraguay,2019,56.9
2404,Palestine,2019,45.5
2405,Qatar,2019,
2406,Romania,2019,61.2
2407,Russia,2019,55.5
2408,Rwanda,2019,33.1
2409,Saudi Arabia,2019,64.1
2410,Sudan,2019,
2411,Senegal,2019,49.8
2412,Singapore,2019,63.8
2413,Sierra Leone,2019,39.3
2414,El Salvador,2019,63.5
2415,Somalia,2019,
2416,Serbia,2019,57.8
2417,South Sudan,2019,28.2
2418,Suriname,2019,
2419,Slovak Republic,2019,62.8
2420,Slovenia,2019,63.6
2421,Sweden,2019,73.5
2422,Eswatini,2019,43.1
2423,Syria,2019,
2424,Chad,2019,44.2
2425,Togo,2019,41.9
2426,Thailand,2019,60.0
2427,Tajikistan,2019,55.6
2428,Turkmenistan,2019,51.2
2429,Trinidad and Tobago,2019,61.9
2430,Tunisia,2019,43.9
2431,Turkey,2019,51.3
2432,Taiwan,2019,64.6
2433,Tanzania,2019,34.8
2434,Uganda,2019,44.3
2435,Ukraine,2019,45.6
2436,Uruguay,2019,64.4
2437,United States,2019,69.4
2438,Uzbekistan,2019,62.6
2439,Venezuela,2019,50.5
2440,Vietnam,2019,53.5
2441,Yemen,2019,35.3
2442,South Africa,2019,48.1
2443,Zambia,2019,37.6
2444,Zimbabwe,2019,33.0
